cutpoint,p_value,neglog10p
22.5,0.17073136571558303,0.7676866856465379
23.0,0.7016577547524755,0.1538746705856034
23.5,0.7057699299734527,0.15133684912821355
