score,best_cutoff,scan_best_p,tertile_logrank_p,exploratory_km_p
AUC_X,98.99661685478966,0.007704932595616202,0.7726236972261958,0.007704932595616202
X_peak,4.166533559562698,0.0060820428006910674,0.821496502809723,0.0060820428006910674
T_repair,61.0,0.014203627628105488,0.5232593382343365,0.014203627628105488
D_resid,6.260563909759218e-09,0.006637560301569147,0.16866246005755167,0.006637560301569147
