score,HR,CI_low,CI_high,p_value,C_index,95% CI
AUC_X,0.7931761607257856,0.6580361777857376,0.9560696557151102,0.015042147391824866,0.5331454869916409,"[0.658, 0.956]"
X_peak,0.7325370336608508,0.56945926778825,0.942315870578076,0.015418866506975215,0.5323001784540246,"[0.569, 0.942]"
T_repair,0.009989271925106584,3.7826969989994384e-06,26.37947306382639,0.25185121163128077,0.5047243354935662,"[3.78e-06, 26.4]"
D_resid,inf,,inf,0.8021274596511205,0.48193857424626657,"[nan, inf]"
