score,expected_direction,HR,CI_low,CI_high,p_value,C_index,direction_match,95% CI
AUC_X,HR < 1,0.7931761535466082,0.6580361708219878,0.9560696485257262,0.015042144276061108,0.5331454869916409,✓,"[0.658, 0.956]"
X_peak,HR < 1,0.7325370108799815,0.5694592478470377,0.9423158449665162,0.01541885783573892,0.5323001784540246,✓,"[0.569, 0.942]"
T_repair,HR > 1,0.009989271925106584,3.7826969989994384e-06,26.37947306382639,0.25185121163128077,0.5047243354935662,✗ unexpected,"[3.78e-06, 26.4]"
D_resid,HR > 1,inf,,inf,0.8014790294711265,0.48208885131962054,✓,"[nan, inf]"
